File name,Item,Gender,Rating,Duration,Call,Fold,R Choice,C Choice,Consensus
F01_1,steel_wool,MF,4.482284151,25.13,F01,5,No,No,No
F01_10,whisky,MF,31.30203387,57.785,F01,5,No,No,No
F01_11,compass,MF,10.26087714,12.794,F01,5,Yes,Yes,Yes
F01_12,chocolate,MF,10.14682378,25.646,F01,5,Yes,Yes,Yes
F01_2,axe,MF,12.81009841,21.366,F01,5,Yes,Yes,Yes
F01_3,pistol,MF,28.64977262,102.368,F01,5,No,Yes,No
F01_6,lighter,MF,2.605340933,9.908,F01,5,Yes,Yes,Yes
F01_7,clothing,MF,16.79706028,21.722,F01,5,Yes,Yes,Yes
F01_8,canvas,MF,41.34770647,142.956,F01,5,Yes,Yes,No
F01_9,airmap,MF,19.48602307,18.013,F01,5,Yes,No,Yes
F02_1,steel_wool,MM,15.7002279,77.165,F02,1,No,No,No
F02_10,whisky,MM,40.91299122,141.683,F02,1,No,Yes,No
F02_11,compass,MM,14.85759567,95.532,F02,1,Yes,Yes,Yes
F02_12,chocolate,MM,22.48709553,67.679,F02,1,Yes,Yes,Yes
F02_2,axe,MM,5.354385281,83.889,F02,1,Yes,Yes,Yes
F02_3,pistol,MM,36.92107937,132.459,F02,1,No,Yes,Yes
F02_4,butter,MM,16.14955665,78.238,F02,1,No,No,No
F02_5,newspaper,MM,14.92059486,70.452,F02,1,Yes,Yes,Yes
F02_6,lighter,MM,28.42728589,136.13,F02,1,No,Yes,No
F02_7,clothing,MM,13.18603891,29.341,F02,1,Yes,Yes,Yes
F02_8,canvas,MM,16.28747435,81.01,F02,1,Yes,Yes,Yes
F02_9,airmap,MM,10.36067435,93.496,F02,1,No,No,No
F03_1,steel_wool,MF,11.43675554,17.131,F03,1,No,No,No
F03_10,whisky,MF,17.98469157,27.941,F03,1,No,No,No
F03_11,compass,MF,19.15319832,4.653,F03,1,Yes,Yes,Yes
F03_12,chocolate,MF,59.30496926,23.8,F03,1,No,Yes,No
F03_2,axe,MF,15.36942835,31.171,F03,1,Yes,No,Yes
F03_3,pistol,MF,12.57021464,33.866,F03,1,Yes,No,Yes
F03_4,butter,MF,17.67738243,36.107,F03,1,Yes,No,No
F03_5,newspaper,MF,42.09964524,52.534,F03,1,No,Yes,Yes
F03_6,lighter,MF,8.036463528,7.349,F03,1,Yes,Yes,Yes
F03_7,clothing,MF,46.47423858,53.802,F03,1,No,Yes,No
F03_8,canvas,MF,19.67255237,10.462,F03,1,Yes,Yes,Yes
F03_9,airmap,MF,5.625140002,3.918,F03,1,Yes,Yes,Yes
F04_1,steel_wool,MM,7.879404556,44.282,F04,1,No,No,No
F04_10,whisky,MM,17.51556144,66.534,F04,1,No,No,No
F04_11,compass,MM,9.072028926,36.746,F04,1,Yes,Yes,Yes
F04_12,chocolate,MM,23.91124276,86.783,F04,1,Yes,No,Yes
F04_2,axe,MM,17.3038014,18.684,F04,1,Yes,Yes,Yes
F04_3,pistol,MM,24.19335991,57.841,F04,1,Yes,No,Yes
F04_4,butter,MM,49.44913046,117.314,F04,1,No,Yes,Yes
F04_5,newspaper,MM,6.763306396,43.854,F04,1,Yes,Yes,Yes
F04_6,lighter,MM,9.643984814,33.658,F04,1,Yes,Yes,Yes
F04_7,clothing,MM,15.48063101,18.452,F04,1,Yes,Yes,Yes
F04_8,canvas,MM,48.92842733,68.578,F04,1,No,Yes,No
F04_9,airmap,MM,19.22528994,44.508,F04,1,No,No,No
F05_1,steel_wool,MF,19.64587192,22.928,F05,1,No,No,No
F05_10,whisky,MF,22.62006538,53.177,F05,1,Yes,No,Yes
F05_11,compass,MF,14.43133418,39.627,F05,1,Yes,Yes,Yes
F05_12,chocolate,MF,29.47868302,96.591,F05,1,Yes,No,Yes
F05_2,axe,MF,34.71492594,79.954,F05,1,No,Yes,No
F05_3,pistol,MF,20.23487123,66.262,F05,1,Yes,Yes,Yes
F05_4,butter,MF,22.76953663,25.939,F05,1,No,No,No
F05_5,newspaper,MF,46.04683008,130.558,F05,1,Yes,No,Yes
F05_6,lighter,MF,7.507612784,29.757,F05,1,Yes,Yes,Yes
F05_7,clothing,MF,17.14582666,48.046,F05,1,Yes,Yes,Yes
F05_8,canvas,MF,11.89568761,65.509,F05,1,No,Yes,No
F05_9,airmap,MF,28.6828589,83.932,F05,1,Yes,Yes,Yes
F06_1,steel_wool,MM,42.28266867,91.035,F06,4,No,Yes,No
F06_10,whisky,MM,4.278568949,16.115,F06,4,No,Yes,No
F06_11,compass,MM,3.209475829,9.888,F06,4,Yes,Yes,Yes
F06_12,chocolate,MM,21.19065295,50.31,F06,4,Yes,Yes,Yes
F06_2,axe,MM,20.12288349,63.828,F06,4,No,Yes,No
F06_3,pistol,MM,31.32793627,74.498,F06,4,Yes,No,Yes
F06_4,butter,MM,31.77855663,88.101,F06,4,Yes,No,Yes
F06_5,newspaper,MM,15.95107132,22.03,F06,4,No,Yes,No
F06_6,lighter,MM,20.19096852,43.888,F06,4,No,Yes,No
F06_7,clothing,MM,7.75887371,10.556,F06,4,Yes,Yes,Yes
F06_8,canvas,MM,15.17883608,20.798,F06,4,No,Yes,No
F06_9,airmap,MM,41.08420069,101.374,F06,4,No,Yes,Yes
F07_1,steel_wool,FF,21.52587447,14.329,F07,2,No,No,No
F07_10,whisky,FF,53.05252001,148.497,F07,2,No,Yes,Yes
F07_11,compass,FF,8.737730896,7.442,F07,2,Yes,Yes,Yes
F07_12,chocolate,FF,32.57561905,73.117,F07,2,Yes,Yes,Yes
F07_2,axe,FF,16.22488154,31.651,F07,2,Yes,Yes,Yes
F07_3,pistol,FF,59.30505209,113.124,F07,2,Yes,No,Yes
F07_4,butter,FF,48.22881829,94.174,F07,2,No,Yes,No
F07_5,newspaper,FF,40.67556952,68.291,F07,2,No,No,No
F07_6,lighter,FF,29.29975677,42.781,F07,2,No,Yes,Yes
F07_7,clothing,FF,23.85608613,26.909,F07,2,Yes,Yes,Yes
F07_8,canvas,FF,4.114716335,10.301,F07,2,Yes,Yes,Yes
F07_9,airmap,FF,54.5165077,133.855,F07,2,No,Yes,No
F08_1,steel_wool,FF,33.07817481,90.48,F08,4,No,Yes,Yes
F08_10,whisky,FF,2.871381232,21.256,F08,4,Yes,Yes,Yes
F08_11,compass,FF,18.35639871,40.053,F08,4,Yes,No,Yes
F08_12,chocolate,FF,4.505602153,34.0,F08,4,Yes,Yes,Yes
F08_2,axe,FF,12.14772302,25.9,F08,4,Yes,Yes,Yes
F08_3,pistol,FF,13.84759093,29.34,F08,4,No,No,No
F08_4,butter,FF,21.43480956,37.698,F08,4,No,No,No
F08_5,newspaper,FF,37.10189294,57.888,F08,4,No,No,No
F08_6,lighter,FF,23.01865795,65.776,F08,4,No,Yes,Yes
F08_7,clothing,FF,12.33916518,32.593,F08,4,Yes,Yes,Yes
F08_8,canvas,FF,10.65943889,31.802,F08,4,Yes,No,Yes
F08_9,airmap,FF,28.85301559,129.126,F08,4,Yes,No,Yes
F09_1,steel_wool,MM,12.88427534,11.778,F09,4,No,No,No
F09_10,whisky,MM,9.34202799,9.586,F09,4,No,No,No
F09_11,compass,MM,9.84828936,6.465,F09,4,Yes,Yes,Yes
F09_12,chocolate,MM,3.000760971,4.174,F09,4,Yes,Yes,Yes
F09_2,axe,MM,36.70690798,38.008,F09,4,No,Yes,No
F09_3,pistol,MM,5.578995504,7.75,F09,4,Yes,Yes,Yes
F09_4,butter,MM,24.43251806,19.457,F09,4,No,Yes,Yes
F09_5,newspaper,MM,46.1486563,95.339,F09,4,Yes,No,Yes
F09_6,lighter,MM,28.38843363,11.41,F09,4,Yes,No,Yes
F09_7,clothing,MM,5.224148346,6.962,F09,4,Yes,Yes,Yes
F09_8,canvas,MM,41.35676342,96.123,F09,4,Yes,No,Yes
F09_9,airmap,MM,10.4698662,30.246,F09,4,Yes,Yes,Yes
F10_1,steel_wool,MF,12.53817025,24.227,F10,2,Yes,Yes,Yes
F10_10,whisky,MF,23.83726983,13.613,F10,2,No,No,No
F10_11,compass,MF,9.456854824,4.75,F10,2,Yes,Yes,Yes
F10_12,chocolate,MF,7.272422013,6.483,F10,2,Yes,Yes,Yes
F10_2,axe,MF,2.030597431,11.964,F10,2,Yes,Yes,Yes
F10_3,pistol,MF,1.621848274,11.384,F10,2,Yes,Yes,Yes
F10_4,butter,MF,9.108578208,10.863,F10,2,No,No,No
F10_5,newspaper,MF,13.50445548,27.163,F10,2,No,No,No
F10_6,lighter,MF,5.860314829,10.309,F10,2,Yes,Yes,Yes
F10_7,clothing,MF,8.367128434,13.33,F10,2,Yes,Yes,Yes
F10_8,canvas,MF,24.44885909,42.641,F10,2,No,Yes,Yes
F10_9,airmap,MF,19.21353579,10.679,F10,2,Yes,Yes,Yes
F11_1,steel_wool,MM,21.571114,28.643,F11,3,No,No,No
F11_10,whisky,MM,2.33680404,25.927,F11,3,No,No,No
F11_11,compass,MM,14.26557538,10.044,F11,3,Yes,Yes,Yes
F11_12,chocolate,MM,21.91379756,11.995,F11,3,Yes,Yes,Yes
F11_2,axe,MM,6.544296731,20.912,F11,3,Yes,Yes,Yes
F11_3,pistol,MM,2.988648607,25.364,F11,3,No,No,No
F11_4,butter,MM,20.99975013,21.443,F11,3,No,No,No
F11_5,newspaper,MM,44.88264661,137.52,F11,3,Yes,No,Yes
F11_6,lighter,MM,11.68498955,33.344,F11,3,Yes,No,Yes
F11_7,clothing,MM,26.15435785,48.551,F11,3,No,Yes,Yes
F11_8,canvas,MM,15.04845766,62.247,F11,3,Yes,No,No
F11_9,airmap,MM,7.24982781,19.715,F11,3,Yes,Yes,Yes
F12_1,steel_wool,FF,15.59001465,17.724,F12,1,No,No,No
F12_10,whisky,FF,16.79155475,14.564,F12,1,Yes,Yes,Yes
F12_11,compass,FF,2.312986829,7.976,F12,1,Yes,Yes,Yes
F12_12,chocolate,FF,5.54207501,4.984,F12,1,Yes,Yes,Yes
F12_2,axe,FF,2.415398093,20.565,F12,1,Yes,Yes,Yes
F12_3,pistol,FF,15.8183288,86.952,F12,1,No,Yes,Yes
F12_4,butter,FF,14.8822776,20.102,F12,1,No,No,No
F12_5,newspaper,FF,33.77238565,43.702,F12,1,Yes,No,Yes
F12_6,lighter,FF,58.23981344,136.454,F12,1,Yes,No,Yes
F12_7,clothing,FF,17.01678549,37.667,F12,1,Yes,Yes,No
F12_8,canvas,FF,8.685393697,60.147,F12,1,No,No,No
F13_1,steel_wool,MF,34.81510986,40.43,F13,4,No,No,No
F13_10,whisky,MF,25.37665554,57.694,F13,4,Yes,No,Yes
F13_11,compass,MF,5.030323131,24.749,F13,4,Yes,Yes,Yes
F13_12,chocolate,MF,25.34885984,21.83,F13,4,Yes,Yes,Yes
F13_2,axe,MF,43.896635,109.426,F13,4,No,Yes,Yes
F13_3,pistol,MF,24.4617387,67.348,F13,4,No,No,No
F13_4,butter,MF,38.96192299,111.363,F13,4,Yes,No,No
F13_5,newspaper,MF,23.3689736,49.626,F13,4,No,Yes,No
F13_6,lighter,MF,10.39820869,60.388,F13,4,No,No,Yes
F13_7,clothing,MF,22.5454626,35.905,F13,4,Yes,Yes,Yes
F13_8,canvas,MF,21.83293579,36.907,F13,4,No,Yes,No
F13_9,airmap,MF,3.837741475,21.63,F13,4,Yes,Yes,Yes
F14_10,whisky,FF,45.57558368,107.329,F14,3,No,Yes,No
F14_11,compass,FF,5.648936502,6.574,F14,3,Yes,Yes,Yes
F14_12,chocolate,FF,13.28287063,9.055,F14,3,Yes,Yes,Yes
F14_3,pistol,FF,30.43395395,53.341,F14,3,No,No,No
F14_4,butter,FF,13.87235938,18.868,F14,3,No,No,No
F14_5,newspaper,FF,4.899306955,18.315,F14,3,Yes,No,Yes
F14_6,lighter,FF,24.14172224,65.996,F14,3,Yes,No,Yes
F14_7,clothing,FF,8.131705272,14.946,F14,3,Yes,Yes,Yes
F14_9,airmap,FF,22.19479884,20.807,F14,3,Yes,No,No
F15_1,steel_wool,MM,4.758446222,15.86,F15,3,No,No,No
F15_10,whisky,MM,16.39890073,54.268,F15,3,Yes,No,Yes
F15_11,compass,MM,9.041354391,20.065,F15,3,Yes,Yes,Yes
F15_12,chocolate,MM,9.451954328,47.425,F15,3,Yes,Yes,Yes
F15_2,axe,MM,71.24961419,79.923,F15,3,Yes,No,No
F15_3,pistol,MM,46.03806271,70.318,F15,3,Yes,No,Yes
F15_4,butter,MM,20.26666057,50.594,F15,3,No,No,No
F15_5,newspaper,MM,14.84884719,45.938,F15,3,Yes,No,Yes
F15_6,lighter,MM,33.96719553,81.744,F15,3,No,No,Yes
F15_7,clothing,MM,4.678827462,10.931,F15,3,Yes,Yes,Yes
F15_8,canvas,MM,17.63782102,52.749,F15,3,No,No,No
F15_9,airmap,MM,15.99656216,42.133,F15,3,Yes,No,Yes
F16_1,steel_wool,MF,6.984824127,20.689,F16,3,No,No,No
F16_10,whisky,MF,6.943429921,27.741,F16,3,No,No,No
F16_11,compass,MF,16.49441164,18.365,F16,3,Yes,Yes,Yes
F16_12,chocolate,MF,22.63596422,23.578,F16,3,Yes,Yes,Yes
F16_2,axe,MF,27.13780185,104.824,F16,3,Yes,No,Yes
F16_3,pistol,MF,42.18828796,69.446,F16,3,Yes,No,Yes
F16_4,butter,MF,31.84332558,49.306,F16,3,Yes,No,No
F16_5,newspaper,MF,33.14576791,51.951,F16,3,No,Yes,Yes
F16_6,lighter,MF,3.389864723,23.009,F16,3,Yes,No,Yes
F16_7,clothing,MF,11.49382571,30.832,F16,3,Yes,Yes,Yes
F16_8,canvas,MF,37.99156212,74.7,F16,3,Yes,No,No
F17_1,steel_wool,MF,8.611671098,19.605,F17,5,No,No,No
F17_10,whisky,MF,20.90919836,5.471,F17,5,No,No,No
F17_11,compass,MF,3.289034783,4.447,F17,5,Yes,Yes,Yes
F17_12,chocolate,MF,15.61676212,10.762,F17,5,Yes,Yes,Yes
F17_3,pistol,MF,11.16777242,9.139,F17,5,No,No,No
F17_4,butter,MF,4.37776912,26.207,F17,5,No,No,No
F17_5,newspaper,MF,18.07543614,35.135,F17,5,Yes,Yes,Yes
F17_6,lighter,MF,9.858713562,26.551,F17,5,No,Yes,No
F17_7,clothing,MF,5.330061362,12.409,F17,5,Yes,Yes,Yes
F17_8,canvas,MF,8.925129662,25.363,F17,5,Yes,Yes,Yes
F17_9,airmap,MF,27.33860216,80.217,F17,5,No,Yes,Yes
F18_1,steel_wool,MF,10.27722185,22.693,F18,5,No,No,No
F18_10,whisky,MF,28.06745007,51.849,F18,5,Yes,Yes,Yes
F18_11,compass,MF,14.05270523,10.262,F18,5,Yes,Yes,Yes
F18_12,chocolate,MF,15.59436018,11.914,F18,5,Yes,Yes,Yes
F18_2,axe,MF,6.007591759,21.052,F18,5,Yes,Yes,Yes
F18_3,pistol,MF,22.23596554,35.302,F18,5,No,No,No
F18_4,butter,MF,37.40593372,55.69,F18,5,No,No,No
F18_5,newspaper,MF,11.66517481,26.799,F18,5,Yes,Yes,Yes
F18_6,lighter,MF,2.296486269,16.593,F18,5,Yes,Yes,Yes
F18_7,clothing,MF,4.252668748,10.131,F18,5,Yes,Yes,Yes
F18_8,canvas,MF,16.71136612,22.226,F18,5,Yes,Yes,Yes
F18_9,airmap,MF,3.79126752,18.828,F18,5,No,No,No
F19_1,steel_wool,FF,43.00209326,78.667,F19,2,No,Yes,No
F19_10,whisky,FF,20.81933812,61.792,F19,2,Yes,No,No
F19_11,compass,FF,9.75014731,14.429,F19,2,Yes,Yes,Yes
F19_12,chocolate,FF,13.08601554,30.806,F19,2,Yes,Yes,Yes
F19_2,axe,FF,38.93061496,125.554,F19,2,Yes,No,Yes
F19_4,butter,FF,2.137405951,6.681,F19,2,No,No,No
F19_5,newspaper,FF,51.01545895,67.247,F19,2,Yes,No,No
F19_6,lighter,FF,26.23182254,15.455,F19,2,Yes,No,No
F19_7,clothing,FF,19.07277808,5.523,F19,2,Yes,Yes,Yes
F19_8,canvas,FF,39.98871406,67.393,F19,2,No,Yes,No
F20_1,steel_wool,FF,15.56909975,34.018,F20,5,No,No,No
F20_10,whisky,FF,7.66008347,26.987,F20,5,No,No,No
F20_11,compass,FF,1.878653724,12.707,F20,5,Yes,Yes,Yes
F20_12,chocolate,FF,12.56181097,24.074,F20,5,Yes,Yes,Yes
F20_2,axe,FF,4.1984653,19.252,F20,5,Yes,Yes,Yes
F20_3,pistol,FF,13.68263213,76.923,F20,5,No,Yes,Yes
F20_4,butter,FF,7.994015458,32.632,F20,5,No,No,No
F20_5,newspaper,FF,8.979783436,22.187,F20,5,Yes,Yes,Yes
F20_6,lighter,FF,37.17451599,89.894,F20,5,Yes,No,Yes
F20_7,clothing,FF,7.750038629,28.072,F20,5,Yes,Yes,Yes
F20_8,canvas,FF,26.97582637,101.091,F20,5,Yes,No,Yes
F20_9,airmap,FF,22.94372838,33.007,F20,5,Yes,Yes,Yes
F21_1,steel_wool,MM,15.84013589,38.772,F21,5,No,No,No
F21_10,whisky,MM,14.62787064,41.514,F21,5,No,No,No
F21_11,compass,MM,14.61202001,68.185,F21,5,Yes,Yes,Yes
F21_12,chocolate,MM,11.66763176,29.816,F21,5,Yes,Yes,Yes
F21_2,axe,MM,34.35201535,91.085,F21,5,No,No,No
F21_3,pistol,MM,37.61120233,87.52,F21,5,No,Yes,Yes
F21_4,butter,MM,30.65301276,72.843,F21,5,No,No,No
F21_5,newspaper,MM,39.64728692,77.485,F21,5,No,No,Yes
F21_6,lighter,MM,10.30979448,31.155,F21,5,No,Yes,Yes
F21_7,clothing,MM,9.530164254,18.202,F21,5,Yes,Yes,Yes
F21_8,canvas,MM,8.368953824,40.123,F21,5,No,No,No
F21_9,airmap,MM,30.09019285,57.738,F21,5,Yes,Yes,No
F22_1,steel_wool,FF,28.9373016,43.444,F22,4,No,No,No
F22_10,whisky,FF,24.10940583,9.306,F22,4,No,No,No
F22_11,compass,FF,50.13791811,127.094,F22,4,No,Yes,No
F22_12,chocolate,FF,14.1510628,16.366,F22,4,Yes,Yes,Yes
F22_2,axe,FF,46.81869319,101.969,F22,4,No,Yes,No
F22_3,pistol,FF,9.385343605,32.477,F22,4,No,No,No
F22_4,butter,FF,16.75604118,32.46,F22,4,No,No,No
F22_5,newspaper,FF,15.77314427,59.936,F22,4,No,Yes,Yes
F22_6,lighter,FF,33.49013674,24.655,F22,4,No,Yes,No
F22_7,clothing,FF,21.48280992,21.485,F22,4,Yes,Yes,Yes
F22_8,canvas,FF,47.23868153,116.0,F22,4,Yes,No,Yes
F23_1,steel_wool,MF,4.979091526,32.213,F23,2,No,Yes,Yes
F23_10,whisky,MF,24.86141641,9.771,F23,2,Yes,Yes,Yes
F23_11,compass,MF,33.17330511,81.271,F23,2,Yes,No,Yes
F23_12,chocolate,MF,6.640988403,12.303,F23,2,Yes,Yes,Yes
F23_2,axe,MF,40.83349985,46.616,F23,2,Yes,No,No
F23_3,pistol,MF,21.75856467,45.605,F23,2,No,No,Yes
F23_4,butter,MF,6.702385758,20.757,F23,2,No,No,No
F23_5,newspaper,MF,14.94531982,15.561,F23,2,Yes,No,No
F23_6,lighter,MF,13.47156025,9.844,F23,2,No,No,No
F23_7,clothing,MF,5.969564647,11.299,F23,2,Yes,Yes,Yes
F23_8,canvas,MF,22.59314004,27.155,F23,2,Yes,Yes,Yes
F23_9,airmap,MF,2.135087684,16.198,F23,2,Yes,No,No
F24_1,steel_wool,FF,51.24664924,101.185,F24,3,No,Yes,No
F24_10,whisky,FF,25.67700278,63.891,F24,3,Yes,No,Yes
F24_11,compass,FF,28.94672618,12.164,F24,3,Yes,Yes,Yes
F24_12,chocolate,FF,30.76241814,55.317,F24,3,Yes,No,Yes
F24_2,axe,FF,10.80119015,37.963,F24,3,Yes,Yes,Yes
F24_3,pistol,FF,27.24237866,77.161,F24,3,Yes,No,No
F24_4,butter,FF,15.85805503,33.258,F24,3,No,No,No
F24_5,newspaper,FF,40.34797424,82.391,F24,3,Yes,No,Yes
F24_6,lighter,FF,32.39330416,101.391,F24,3,No,Yes,No
F24_7,clothing,FF,11.53126972,49.931,F24,3,Yes,Yes,Yes
F24_9,airmap,FF,12.99138912,36.538,F24,3,No,No,No
F25_1,steel_wool,FF,7.669271949,13.133,F25,1,No,No,No
F25_10,whisky,FF,44.37861145,78.354,F25,1,No,Yes,No
F25_11,compass,FF,14.84900956,14.525,F25,1,Yes,No,Yes
F25_12,chocolate,FF,4.565326618,7.975,F25,1,Yes,Yes,Yes
F25_2,axe,FF,44.65658604,46.318,F25,1,No,Yes,No
F25_3,pistol,FF,55.45601871,52.401,F25,1,No,Yes,No
F25_4,butter,FF,10.92339933,5.123,F25,1,No,No,No
F25_5,newspaper,FF,53.02823838,39.16,F25,1,No,Yes,Yes
F25_6,lighter,FF,21.49132278,30.901,F25,1,No,Yes,Yes
F25_7,clothing,FF,18.69916051,6.51,F25,1,Yes,Yes,Yes
F25_8,canvas,FF,33.51109028,43.221,F25,1,No,Yes,No
F25_9,airmap,FF,28.43135815,58.522,F25,1,Yes,No,Yes
F26_1,steel_wool,MM,13.07420727,19.413,F26,4,No,No,No
F26_10,whisky,MM,12.73652533,23.895,F26,4,No,No,No
F26_12,chocolate,MM,17.37526455,52.218,F26,4,No,Yes,Yes
F26_2,axe,MM,8.230477963,17.906,F26,4,Yes,Yes,Yes
F26_3,pistol,MM,40.50245405,115.76,F26,4,Yes,No,Yes
F26_5,newspaper,MM,12.3183649,15.635,F26,4,Yes,Yes,Yes
F26_7,clothing,MM,4.410094323,8.477,F26,4,Yes,Yes,Yes
F26_8,canvas,MM,4.35145405,13.648,F26,4,Yes,Yes,Yes
F26_9,airmap,MM,24.49931194,141.851,F26,4,No,Yes,No
F27_1,steel_wool,MF,25.05540444,23.656,F27,1,No,No,No
F27_10,whisky,MF,30.08815336,99.408,F27,1,No,Yes,No
F27_12,chocolate,MF,11.63922479,19.318,F27,1,Yes,Yes,Yes
F27_2,axe,MF,14.30060105,39.282,F27,1,No,Yes,Yes
F27_3,pistol,MF,37.5588675,117.013,F27,1,No,Yes,Yes
F27_4,butter,MF,35.53441319,57.336,F27,1,No,Yes,No
F27_5,newspaper,MF,7.396446622,21.419,F27,1,Yes,Yes,Yes
F27_6,lighter,MF,12.75627349,47.174,F27,1,Yes,Yes,Yes
F27_7,clothing,MF,22.62894769,34.54,F27,1,Yes,No,Yes
F27_8,canvas,MF,39.4859431,81.816,F27,1,Yes,Yes,Yes
F27_9,airmap,MF,42.26225697,94.548,F27,1,Yes,Yes,No
F28_1,steel_wool,FF,1.47600468,14.911,F28,5,No,No,No
F28_10,whisky,FF,28.04031648,39.965,F28,5,Yes,No,Yes
F28_11,compass,FF,20.10453837,12.225,F28,5,Yes,No,No
F28_12,chocolate,FF,17.27901083,37.258,F28,5,No,Yes,Yes
F28_2,axe,FF,5.145960746,19.773,F28,5,Yes,Yes,Yes
F28_3,pistol,FF,19.400226,55.012,F28,5,Yes,No,No
F28_4,butter,FF,21.0755185,20.043,F28,5,Yes,No,No
F28_5,newspaper,FF,24.86870853,26.074,F28,5,No,Yes,No
F28_6,lighter,FF,25.24377454,41.691,F28,5,Yes,No,Yes
F28_7,clothing,FF,7.884678238,17.044,F28,5,Yes,Yes,Yes
F28_8,canvas,FF,5.773805577,27.35,F28,5,Yes,Yes,Yes
F28_9,airmap,FF,27.14468425,64.793,F28,5,Yes,No,No
F29_1,steel_wool,MF,38.05341602,134.732,F29,3,Yes,No,No
F29_10,whisky,MF,51.11767824,100.395,F29,3,Yes,No,No
F29_11,compass,MF,14.97038471,20.915,F29,3,Yes,Yes,Yes
F29_12,chocolate,MF,13.49769035,21.802,F29,3,Yes,Yes,Yes
F29_2,axe,MF,17.61306486,28.202,F29,3,Yes,Yes,Yes
F29_3,pistol,MF,4.759262901,26.954,F29,3,No,No,No
F29_4,butter,MF,9.080074566,33.958,F29,3,Yes,Yes,Yes
F29_6,lighter,MF,32.6527221,65.659,F29,3,No,Yes,Yes
F29_7,clothing,MF,15.85540979,16.487,F29,3,Yes,Yes,Yes
F30_1,steel_wool,FF,8.163177707,11.079,F30,2,No,No,No
F30_10,whisky,FF,19.15999695,7.4,F30,2,No,No,No
F30_11,compass,FF,11.10835783,68.504,F30,2,Yes,Yes,Yes
F30_12,chocolate,FF,9.801316031,70.62,F30,2,Yes,Yes,Yes
F30_2,axe,FF,38.8994151,30.428,F30,2,Yes,No,Yes
F30_3,pistol,FF,11.09189978,10.992,F30,2,Yes,Yes,Yes
F30_4,butter,FF,16.53877498,22.138,F30,2,Yes,Yes,Yes
F30_5,newspaper,FF,43.26233621,52.863,F30,2,No,Yes,No
F30_6,lighter,FF,14.163711,6.976,F30,2,No,No,No
F30_7,clothing,FF,6.614149267,9.396,F30,2,Yes,Yes,Yes
F30_8,canvas,FF,19.01575346,18.711,F30,2,Yes,Yes,Yes
F30_9,airmap,FF,45.37581754,52.911,F30,2,No,Yes,No
F31_1,steel_wool,MF,28.36202275,62.262,F31,1,Yes,No,No
F31_10,whisky,MF,18.83097897,89.731,F31,1,No,No,No
F31_11,compass,MF,7.235736228,10.03,F31,1,Yes,Yes,Yes
F31_12,chocolate,MF,6.07385866,5.565,F31,1,Yes,Yes,Yes
F31_2,axe,MF,13.25233048,19.136,F31,1,Yes,Yes,Yes
F31_3,pistol,MF,31.37392447,115.37,F31,1,Yes,No,Yes
F31_4,butter,MF,20.31358648,87.614,F31,1,No,No,No
F31_5,newspaper,MF,21.66270296,41.86,F31,1,Yes,Yes,Yes
F31_6,lighter,MF,6.322950555,9.615,F31,1,Yes,Yes,Yes
F31_7,clothing,MF,11.87769928,14.808,F31,1,Yes,Yes,Yes
F31_8,canvas,MF,15.34415124,53.309,F31,1,Yes,Yes,Yes
F31_9,airmap,MF,32.55943328,59.97,F31,1,No,Yes,No
F32_1,steel_wool,FF,17.86460524,14.035,F32,2,No,No,No
F32_10,whisky,FF,23.82296768,97.874,F32,2,No,Yes,No
F32_11,compass,FF,21.66738687,68.667,F32,2,Yes,Yes,Yes
F32_12,chocolate,FF,13.43511328,14.102,F32,2,Yes,Yes,Yes
F32_2,axe,FF,27.94909212,44.178,F32,2,Yes,No,Yes
F32_3,pistol,FF,13.84009192,98.256,F32,2,No,Yes,Yes
F32_4,butter,FF,15.60294288,18.853,F32,2,No,No,No
F32_5,newspaper,FF,10.76719999,16.853,F32,2,No,No,No
F32_6,lighter,FF,25.61235613,21.442,F32,2,No,No,No
F32_7,clothing,FF,23.51824665,5.099,F32,2,Yes,Yes,Yes
F32_8,canvas,FF,10.29346662,19.608,F32,2,Yes,Yes,Yes
F32_9,airmap,FF,51.04169989,83.123,F32,2,No,Yes,No
F33_1,steel_wool,MF,5.658135722,18.059,F33,4,No,No,No
F33_10,whisky,MF,35.65855374,95.074,F33,4,No,No,No
F33_11,compass,MF,15.49390136,52.961,F33,4,Yes,Yes,Yes
F33_12,chocolate,MF,19.37655482,35.098,F33,4,Yes,Yes,Yes
F33_2,axe,MF,32.42493996,85.516,F33,4,Yes,No,No
F33_3,pistol,MF,22.95043509,58.261,F33,4,No,Yes,No
F33_4,butter,MF,19.83297226,42.961,F33,4,No,No,No
F33_5,newspaper,MF,7.79289411,38.789,F33,4,Yes,Yes,Yes
F33_6,lighter,MF,19.41701064,28.447,F33,4,Yes,No,Yes
F33_7,clothing,MF,28.15582687,63.309,F33,4,No,Yes,Yes
F33_8,canvas,MF,25.27599774,71.087,F33,4,No,Yes,Yes
F33_9,airmap,MF,23.27600805,140.038,F33,4,Yes,Yes,No
F34_1,steel_wool,FF,50.04806149,61.134,F34,1,Yes,No,Yes
F34_10,whisky,FF,12.8512519,32.917,F34,1,No,Yes,Yes
F34_11,compass,FF,11.98757924,13.585,F34,1,Yes,Yes,Yes
F34_12,chocolate,FF,6.478650332,10.131,F34,1,Yes,Yes,Yes
F34_2,axe,FF,4.399941487,28.821,F34,1,Yes,Yes,Yes
F34_3,pistol,FF,21.99505817,40.1,F34,1,Yes,No,No
F34_4,butter,FF,7.326596132,15.909,F34,1,No,No,No
F34_5,newspaper,FF,24.16246386,16.233,F34,1,No,Yes,No
F34_6,lighter,FF,14.43616545,8.857,F34,1,No,No,No
F34_7,clothing,FF,1.774329473,8.643,F34,1,Yes,Yes,Yes
F34_8,canvas,FF,2.311447721,21.56,F34,1,Yes,Yes,Yes
F34_9,airmap,FF,13.11264252,11.449,F34,1,No,No,No
F35_1,steel_wool,MF,26.56273291,42.632,F35,4,No,Yes,Yes
F35_10,whisky,MF,12.19137528,12.041,F35,4,No,No,No
F35_11,compass,MF,24.17004403,22.343,F35,4,No,Yes,Yes
F35_12,chocolate,MF,16.9249544,5.927,F35,4,Yes,Yes,Yes
F35_2,axe,MF,39.4764094,63.212,F35,4,Yes,No,No
F35_3,pistol,MF,5.432851857,12.625,F35,4,No,No,No
F35_4,butter,MF,29.57831845,44.351,F35,4,Yes,No,No
F35_5,newspaper,MF,12.39917345,15.837,F35,4,No,No,No
F35_6,lighter,MF,4.284947074,6.525,F35,4,No,No,No
F35_7,clothing,MF,22.26384742,17.295,F35,4,Yes,Yes,Yes
F35_8,canvas,MF,4.115665589,6.955,F35,4,Yes,Yes,Yes
F35_9,airmap,MF,4.144919037,10.626,F35,4,Yes,Yes,Yes
F36_1,steel_wool,MF,51.53594111,89.559,F36,5,Yes,No,Yes
F36_10,whisky,MF,53.85643264,109.62,F36,5,No,Yes,No
F36_11,compass,MF,10.21577991,38.593,F36,5,Yes,Yes,Yes
F36_12,chocolate,MF,8.111610581,22.219,F36,5,Yes,Yes,Yes
F36_2,axe,MF,56.55048774,130.497,F36,5,Yes,No,No
F36_3,pistol,MF,44.2522793,133.55,F36,5,Yes,No,Yes
F36_4,butter,MF,8.414272016,34.235,F36,5,No,No,No
F36_5,newspaper,MF,42.27531322,79.306,F36,5,No,Yes,Yes
F36_6,lighter,MF,14.89385581,34.25,F36,5,No,Yes,No
F36_7,clothing,MF,10.27842059,45.965,F36,5,Yes,No,Yes
F36_8,canvas,MF,14.51132283,36.314,F36,5,Yes,Yes,Yes
F36_9,airmap,MF,5.728096849,28.12,F36,5,No,No,No
F37_1,steel_wool,MF,1.728493664,12.429,F37,5,No,No,No
F37_10,whisky,MF,15.81320679,25.678,F37,5,No,No,Yes
F37_11,compass,MF,3.675425885,7.071,F37,5,Yes,Yes,Yes
F37_12,chocolate,MF,13.93930244,6.51,F37,5,Yes,Yes,Yes
F37_2,axe,MF,3.97102235,16.177,F37,5,Yes,Yes,Yes
F37_3,pistol,MF,34.63113968,74.283,F37,5,No,Yes,No
F37_4,butter,MF,9.025111564,9.363,F37,5,No,No,No
F37_5,newspaper,MF,9.399750694,6.093,F37,5,No,No,Yes
F37_6,lighter,MF,27.4174324,69.095,F37,5,No,Yes,Yes
F37_7,clothing,MF,5.071265909,6.136,F37,5,Yes,Yes,Yes
F37_8,canvas,MF,13.71048623,12.414,F37,5,Yes,Yes,Yes
F37_9,airmap,MF,3.579807691,8.116,F37,5,Yes,Yes,Yes
F38_1,steel_wool,MF,21.31797766,36.071,F38,1,No,No,No
F38_11,compass,MF,10.52530628,40.488,F38,1,Yes,Yes,Yes
F38_12,chocolate,MF,11.89280295,56.49,F38,1,Yes,Yes,Yes
F38_2,axe,MF,13.28196268,41.478,F38,1,Yes,Yes,Yes
F38_4,butter,MF,10.25172292,40.938,F38,1,No,No,No
F38_5,newspaper,MF,17.77383813,54.491,F38,1,No,Yes,Yes
F38_6,lighter,MF,15.52503662,75.05,F38,1,No,No,Yes
F38_7,clothing,MF,13.38158262,60.168,F38,1,Yes,Yes,Yes
F38_9,airmap,MF,8.472135805,52.161,F38,1,Yes,Yes,Yes
F39_1,steel_wool,MF,21.29027455,22.046,F39,4,No,No,No
F39_10,whisky,MF,13.68277465,33.802,F39,4,Yes,No,No
F39_11,compass,MF,10.74298268,6.187,F39,4,Yes,Yes,Yes
F39_12,chocolate,MF,6.562078494,10.359,F39,4,Yes,Yes,Yes
F39_2,axe,MF,65.85556497,67.218,F39,4,Yes,No,No
F39_3,pistol,MF,21.81054841,53.508,F39,4,Yes,No,No
F39_4,butter,MF,33.93284453,58.856,F39,4,No,Yes,No
F39_5,newspaper,MF,45.03462404,63.312,F39,4,No,Yes,Yes
F39_6,lighter,MF,3.219093281,3.828,F39,4,Yes,Yes,Yes
F39_7,clothing,MF,25.59428331,35.103,F39,4,Yes,Yes,Yes
F39_8,canvas,MF,22.84927752,48.869,F39,4,No,No,No
F39_9,airmap,MF,10.75169354,10.161,F39,4,Yes,Yes,Yes
F40_1,steel_wool,MM,16.84181591,8.785,F40,5,No,No,No
F40_10,whisky,MM,17.33808115,41.386,F40,5,No,No,No
F40_11,compass,MM,1.473727962,5.558,F40,5,Yes,Yes,Yes
F40_12,chocolate,MM,40.679623,37.821,F40,5,Yes,No,Yes
F40_2,axe,MM,15.34198451,7.483,F40,5,Yes,Yes,Yes
F40_3,pistol,MM,7.464385398,12.414,F40,5,Yes,Yes,Yes
F40_4,butter,MM,15.67441041,26.101,F40,5,No,No,No
F40_5,newspaper,MM,25.59005992,22.35,F40,5,No,Yes,Yes
F40_6,lighter,MM,1.755521707,5.811,F40,5,Yes,Yes,Yes
F40_7,clothing,MM,4.517385949,13.671,F40,5,Yes,Yes,Yes
F40_8,canvas,MM,7.49058885,25.22,F40,5,Yes,Yes,Yes
F40_9,airmap,MM,16.44693278,10.615,F40,5,Yes,Yes,Yes
F41_1,steel_wool,MF,12.83000961,27.469,F41,1,No,No,No
F41_10,whisky,MF,45.18885441,93.838,F41,1,Yes,No,Yes
F41_11,compass,MF,49.18911573,67.752,F41,1,Yes,Yes,Yes
F41_12,chocolate,MF,11.90539622,24.803,F41,1,Yes,No,Yes
F41_2,axe,MF,38.13726417,101.205,F41,1,Yes,No,No
F41_3,pistol,MF,17.19922939,15.868,F41,1,Yes,Yes,Yes
F41_4,butter,MF,21.2276407,86.996,F41,1,No,No,No
F41_5,newspaper,MF,18.82318948,41.612,F41,1,Yes,No,Yes
F41_6,lighter,MF,30.55970002,46.459,F41,1,Yes,No,Yes
F41_7,clothing,MF,3.33536522,7.601,F41,1,Yes,Yes,Yes
F41_8,canvas,MF,25.21435888,47.633,F41,1,Yes,No,Yes
F41_9,airmap,MF,32.6743469,52.32,F41,1,No,Yes,No
F42_1,steel_wool,MF,8.895773961,15.204,F42,3,No,No,No
F42_10,whisky,MF,11.33576118,6.34,F42,3,No,No,No
F42_11,compass,MF,6.803236275,6.968,F42,3,Yes,Yes,Yes
F42_12,chocolate,MF,8.3418433,16.391,F42,3,Yes,Yes,Yes
F42_2,axe,MF,65.47260429,79.103,F42,3,Yes,No,No
F42_4,butter,MF,14.26231122,8.256,F42,3,No,No,No
F42_6,lighter,MF,16.92967991,18.644,F42,3,No,No,No
F42_7,clothing,MF,2.287806471,6.617,F42,3,Yes,Yes,Yes
F42_8,canvas,MF,27.91384762,39.09,F42,3,Yes,Yes,Yes
F42_9,airmap,MF,39.00100824,57.816,F42,3,Yes,Yes,Yes
F43_1,steel_wool,MF,13.63526986,21.68,F43,3,No,No,No
F43_10,whisky,MF,9.600614569,58.316,F43,3,No,No,No
F43_11,compass,MF,2.696312585,43.204,F43,3,Yes,Yes,Yes
F43_12,chocolate,MF,10.05430031,44.728,F43,3,Yes,Yes,Yes
F43_2,axe,MF,42.77360806,125.689,F43,3,Yes,No,Yes
F43_3,pistol,MF,4.527254718,22.035,F43,3,Yes,Yes,Yes
F43_4,butter,MF,26.66520764,109.475,F43,3,Yes,No,No
F43_5,newspaper,MF,13.08945086,63.367,F43,3,No,Yes,Yes
F43_6,lighter,MF,6.248351169,29.149,F43,3,Yes,Yes,Yes
F43_7,clothing,MF,15.25732343,72.016,F43,3,Yes,Yes,Yes
F43_8,canvas,MF,11.85157588,60.565,F43,3,Yes,Yes,Yes
F44_1,steel_wool,MF,17.48091059,15.731,F44,4,No,No,No
F44_10,whisky,MF,38.83290521,41.297,F44,4,Yes,No,Yes
F44_11,compass,MF,10.89004754,7.227,F44,4,Yes,Yes,Yes
F44_12,chocolate,MF,21.34306725,31.798,F44,4,No,Yes,Yes
F44_2,axe,MF,11.63116256,11.907,F44,4,Yes,Yes,Yes
F44_3,pistol,MF,11.66925177,16.029,F44,4,No,No,No
F44_4,butter,MF,46.01324205,38.97,F44,4,Yes,No,No
F44_5,newspaper,MF,26.21465561,29.947,F44,4,No,Yes,No
F44_6,lighter,MF,26.12181557,32.323,F44,4,Yes,Yes,Yes
F44_7,clothing,MF,3.758138252,5.937,F44,4,Yes,Yes,Yes
F44_8,canvas,MF,2.414443415,11.356,F44,4,Yes,Yes,Yes
F44_9,airmap,MF,13.98095891,17.623,F44,4,Yes,Yes,Yes
F45_1,steel_wool,MF,14.57609633,24.809,F45,2,Yes,No,No
F45_10,whisky,MF,23.46809797,38.297,F45,2,No,No,No
F45_11,compass,MF,5.177027355,13.811,F45,2,Yes,Yes,Yes
F45_12,chocolate,MF,21.95454073,8.674,F45,2,Yes,Yes,Yes
F45_2,axe,MF,48.61581632,91.028,F45,2,Yes,Yes,Yes
F45_3,pistol,MF,72.07665304,75.995,F45,2,No,Yes,Yes
F45_4,butter,MF,37.02143428,39.766,F45,2,No,Yes,No
F45_5,newspaper,MF,2.519491065,24.176,F45,2,Yes,Yes,Yes
F45_6,lighter,MF,31.1979545,18.439,F45,2,Yes,No,No
F45_7,clothing,MF,16.02257878,23.807,F45,2,Yes,Yes,Yes
F45_8,canvas,MF,67.29761494,101.433,F45,2,No,Yes,Yes
F45_9,airmap,MF,42.1737705,54.251,F45,2,No,No,No
F46_1,steel_wool,MF,20.27571498,29.249,F46,3,No,No,No
F46_11,compass,MF,14.55303851,62.135,F46,3,Yes,Yes,Yes
F46_12,chocolate,MF,9.129205397,16.445,F46,3,Yes,Yes,Yes
F46_2,axe,MF,12.0486419,46.886,F46,3,Yes,Yes,Yes
F46_3,pistol,MF,28.78448112,81.192,F46,3,Yes,No,Yes
F46_4,butter,MF,21.90712968,31.997,F46,3,No,No,No
F46_7,clothing,MF,13.0559319,18.253,F46,3,Yes,Yes,Yes
F46_8,canvas,MF,44.11628042,77.957,F46,3,No,Yes,No
F46_9,airmap,MF,35.77056476,74.654,F46,3,No,Yes,No
F47_1,steel_wool,MF,38.72386963,63.328,F47,2,No,Yes,Yes
F47_10,whisky,MF,30.00996614,78.539,F47,2,Yes,No,No
F47_11,compass,MF,14.21187301,9.934,F47,2,Yes,Yes,Yes
F47_12,chocolate,MF,26.27936279,39.309,F47,2,No,Yes,Yes
F47_2,axe,MF,55.69099005,88.027,F47,2,No,Yes,Yes
F47_3,pistol,MF,28.93520787,61.11,F47,2,Yes,No,Yes
F47_4,butter,MF,12.61782712,16.779,F47,2,Yes,Yes,Yes
F47_5,newspaper,MF,43.42885907,52.699,F47,2,No,Yes,No
F47_6,lighter,MF,38.08008796,65.125,F47,2,No,Yes,Yes
F47_7,clothing,MF,13.31967802,20.016,F47,2,No,No,No
F47_8,canvas,MF,21.42799804,26.282,F47,2,Yes,Yes,Yes
F47_9,airmap,MF,22.69494833,70.796,F47,2,Yes,No,Yes
F48_1,steel_wool,MF,7.834842441,19.049,F48,5,No,No,No
F48_10,whisky,MF,14.49378191,33.44,F48,5,No,No,No
F48_11,compass,MF,3.869285422,12.075,F48,5,Yes,Yes,Yes
F48_12,chocolate,MF,4.206394382,8.87,F48,5,Yes,Yes,Yes
F48_2,axe,MF,2.718696692,20.681,F48,5,Yes,Yes,Yes
F48_3,pistol,MF,2.107428464,27.25,F48,5,Yes,Yes,Yes
F48_4,butter,MF,5.119693673,21.745,F48,5,No,No,No
F48_5,newspaper,MF,16.74096184,18.538,F48,5,No,No,No
F48_6,lighter,MF,47.09160716,72.82,F48,5,Yes,No,Yes
F48_7,clothing,MF,19.6519458,17.325,F48,5,Yes,Yes,Yes
F48_8,canvas,MF,27.02838602,44.379,F48,5,Yes,No,No
F48_9,airmap,MF,27.52563059,46.335,F48,5,No,Yes,Yes
F49_1,steel_wool,MF,39.78696988,63.637,F49,3,No,No,No
F49_10,whisky,MF,39.60136464,94.406,F49,3,No,No,Yes
F49_11,compass,MF,21.17081698,4.304,F49,3,Yes,Yes,Yes
F49_12,chocolate,MF,15.7367166,6.706,F49,3,Yes,Yes,Yes
F49_2,axe,MF,45.27599344,61.722,F49,3,Yes,No,Yes
F49_3,pistol,MF,24.69518563,49.214,F49,3,Yes,No,No
F49_4,butter,MF,22.0555504,43.318,F49,3,No,No,No
F49_5,newspaper,MF,19.82678232,30.165,F49,3,Yes,No,Yes
F49_6,lighter,MF,34.25042889,8.1,F49,3,Yes,No,Yes
F49_7,clothing,MF,20.17555033,6.919,F49,3,Yes,Yes,Yes
F49_8,canvas,MF,1.542701477,19.611,F49,3,Yes,Yes,Yes
F49_9,airmap,MF,7.920258778,8.299,F49,3,Yes,Yes,Yes
F50_1,steel_wool,FF,10.59742077,18.655,F50,4,No,No,No
F50_10,whisky,FF,27.76597191,12.342,F50,4,No,No,No
F50_11,compass,FF,14.2388089,18.665,F50,4,Yes,Yes,Yes
F50_12,chocolate,FF,9.07569899,17.333,F50,4,Yes,Yes,Yes
F50_2,axe,FF,7.42928304,23.1,F50,4,Yes,Yes,Yes
F50_3,pistol,FF,51.10424929,89.454,F50,4,Yes,No,Yes
F50_4,butter,FF,31.23120262,25.534,F50,4,No,No,No
F50_5,newspaper,FF,19.87478127,39.59,F50,4,No,Yes,Yes
F50_6,lighter,FF,3.376668739,8.329,F50,4,No,No,No
F50_7,clothing,FF,3.296460204,12.437,F50,4,Yes,Yes,Yes
F50_8,canvas,FF,27.39793061,22.548,F50,4,Yes,Yes,Yes
F50_9,airmap,FF,7.459570476,8.196,F50,4,Yes,Yes,Yes
F51_1,steel_wool,MM,62.74297361,92.152,F51,2,No,Yes,No
F51_10,whisky,MM,65.67531398,153.95,F51,2,No,Yes,Yes
F51_11,compass,MM,36.56923231,93.553,F51,2,Yes,No,Yes
F51_12,chocolate,MM,38.42406133,56.414,F51,2,No,Yes,Yes
F51_2,axe,MM,56.46237946,96.308,F51,2,Yes,Yes,No
F51_3,pistol,MM,2.284941747,23.636,F51,2,Yes,Yes,Yes
F51_4,butter,MM,9.559206568,33.96,F51,2,No,No,No
F51_5,newspaper,MM,5.910912853,10.656,F51,2,No,No,No
F51_6,lighter,MM,20.76114909,11.551,F51,2,Yes,No,No
F51_7,clothing,MM,16.9840331,20.744,F51,2,Yes,Yes,Yes
F51_8,canvas,MM,2.66026946,14.798,F51,2,Yes,Yes,Yes
F51_9,airmap,MM,13.78025564,24.251,F51,2,No,No,No
F52_1,steel_wool,MF,44.56954041,123.352,F52,3,No,No,No
F52_10,whisky,MF,1.436035331,6.105,F52,3,No,No,No
F52_11,compass,MF,7.911929726,3.851,F52,3,Yes,Yes,Yes
F52_12,chocolate,MF,1.615795967,7.974,F52,3,Yes,Yes,Yes
F52_2,axe,MF,17.11900272,30.8,F52,3,Yes,Yes,Yes
F52_3,pistol,MF,41.49458047,100.353,F52,3,No,Yes,Yes
F52_4,butter,MF,37.69232302,75.693,F52,3,Yes,No,Yes
F52_5,newspaper,MF,19.72444534,48.957,F52,3,Yes,Yes,Yes
F52_6,lighter,MF,33.61480704,92.343,F52,3,Yes,No,Yes
F52_7,clothing,MF,37.71630245,1.631,F52,3,Yes,Yes,Yes
F52_8,canvas,MF,29.87225613,121.56,F52,3,Yes,Yes,Yes
F52_9,airmap,MF,22.11435733,125.244,F52,3,Yes,Yes,No
F53_1,steel_wool,MM,18.72531092,44.927,F53,2,No,No,No
F53_10,whisky,MM,34.8138748,28.019,F53,2,No,Yes,Yes
F53_11,compass,MM,12.2421762,15.131,F53,2,Yes,No,No
F53_12,chocolate,MM,18.513087,46.04,F53,2,Yes,Yes,Yes
F53_2,axe,MM,34.80442159,77.612,F53,2,Yes,No,Yes
F53_3,pistol,MM,17.95927042,76.628,F53,2,No,No,No
F53_4,butter,MM,43.99458163,52.133,F53,2,No,No,No
F53_5,newspaper,MM,35.88204804,67.849,F53,2,No,Yes,Yes
F53_6,lighter,MM,38.50690418,135.266,F53,2,Yes,Yes,Yes
F53_7,clothing,MM,13.93161675,10.546,F53,2,Yes,Yes,Yes
F53_9,airmap,MM,9.054952968,50.541,F53,2,No,No,No
F54_1,steel_wool,MM,10.45769915,20.935,F54,2,No,No,No
F54_10,whisky,MM,4.814274658,9.914,F54,2,No,No,No
F54_11,compass,MM,16.50758007,7.971,F54,2,Yes,Yes,Yes
F54_12,chocolate,MM,2.49860673,6.966,F54,2,Yes,Yes,Yes
F54_2,axe,MM,45.95553848,91.699,F54,2,Yes,No,No
F54_3,pistol,MM,50.03124979,69.023,F54,2,No,Yes,No
F54_4,butter,MM,11.59158416,40.359,F54,2,No,No,No
F54_5,newspaper,MM,14.01706877,23.21,F54,2,No,Yes,Yes
F54_6,lighter,MM,36.18490657,75.416,F54,2,No,Yes,Yes
F54_7,clothing,MM,14.07197683,20.538,F54,2,Yes,Yes,Yes
F54_8,canvas,MM,15.80538222,74.697,F54,2,Yes,No,No
F54_9,airmap,MM,33.68828448,74.038,F54,2,No,Yes,Yes
F55_1,steel_wool,MM,6.667029286,26.391,F55,5,No,No,No
F55_10,whisky,MM,37.32595732,78.568,F55,5,No,Yes,Yes
F55_12,chocolate,MM,4.272450603,21.823,F55,5,Yes,Yes,Yes
F55_2,axe,MM,5.871192358,11.981,F55,5,Yes,Yes,Yes
F55_3,pistol,MM,10.68349173,22.469,F55,5,Yes,Yes,Yes
F55_4,butter,MM,40.95629058,81.281,F55,5,Yes,No,No
F55_5,newspaper,MM,15.17080814,92.686,F55,5,Yes,No,Yes
F55_6,lighter,MM,30.05717774,42.557,F55,5,Yes,No,No
F55_7,clothing,MM,14.28531758,25.279,F55,5,Yes,Yes,Yes
F56_1,steel_wool,MF,21.93602655,11.615,F56,2,No,No,No
F56_10,whisky,MF,21.67643514,57.854,F56,2,No,Yes,No
F56_11,compass,MF,5.416362018,6.133,F56,2,Yes,Yes,Yes
F56_12,chocolate,MF,8.987199661,13.249,F56,2,Yes,Yes,Yes
F56_2,axe,MF,27.98993907,10.922,F56,2,No,No,No
F56_3,pistol,MF,6.506150514,12.684,F56,2,Yes,Yes,Yes
F56_4,butter,MF,46.56225762,74.346,F56,2,No,Yes,Yes
F56_5,newspaper,MF,34.66509255,53.672,F56,2,Yes,No,Yes
F56_6,lighter,MF,10.68465764,15.549,F56,2,No,No,No
F56_7,clothing,MF,11.95330909,14.362,F56,2,Yes,Yes,Yes
F56_8,canvas,MF,1.84753422,10.515,F56,2,Yes,Yes,Yes
F56_9,airmap,MF,12.71102595,7.262,F56,2,Yes,Yes,Yes
F57_1,steel_wool,MM,53.07362163,145.284,F57,3,Yes,No,No
F57_10,whisky,MM,32.14804405,74.656,F57,3,Yes,No,Yes
F57_11,compass,MM,16.94656025,13.007,F57,3,Yes,Yes,Yes
F57_12,chocolate,MM,27.90564456,36.259,F57,3,No,Yes,No
F57_4,butter,MM,19.07875215,75.718,F57,3,Yes,Yes,Yes
F57_5,newspaper,MM,9.44762901,33.134,F57,3,Yes,Yes,Yes
F57_6,lighter,MM,14.74130086,76.645,F57,3,Yes,Yes,Yes
F57_7,clothing,MM,7.948380473,55.342,F57,3,Yes,Yes,Yes
F58_1,steel_wool,FF,10.8822954,24.291,F58,5,No,No,No
F58_10,whisky,FF,6.064342995,15.676,F58,5,No,No,No
F58_11,compass,FF,6.694851331,3.943,F58,5,Yes,Yes,Yes
F58_12,chocolate,FF,7.683274012,13.014,F58,5,Yes,Yes,Yes
F58_2,axe,FF,13.65429487,28.204,F58,5,Yes,Yes,Yes
F58_3,pistol,FF,20.18286548,37.307,F58,5,No,Yes,Yes
F58_4,butter,FF,39.27660589,46.409,F58,5,No,Yes,No
F58_5,newspaper,FF,62.63421222,105.424,F58,5,No,Yes,Yes
F58_6,lighter,FF,38.40223836,42.448,F58,5,No,No,No
F58_7,clothing,FF,2.431252198,6.564,F58,5,Yes,Yes,Yes
F58_8,canvas,FF,21.47335127,57.692,F58,5,Yes,Yes,Yes
F58_9,airmap,FF,16.84384126,38.977,F58,5,Yes,Yes,Yes
F59_1,steel_wool,FF,65.84823452,75.241,F59,1,No,Yes,No
F59_10,whisky,FF,18.28814872,22.213,F59,1,No,No,No
F59_11,compass,FF,39.41367,54.296,F59,1,Yes,No,Yes
F59_12,chocolate,FF,23.08600299,25.231,F59,1,No,Yes,Yes
F59_2,axe,FF,4.02092304,17.449,F59,1,Yes,Yes,Yes
F59_3,pistol,FF,26.85136206,25.98,F59,1,Yes,No,No
F59_4,butter,FF,28.55985566,41.433,F59,1,Yes,No,Yes
F59_5,newspaper,FF,25.6912647,16.937,F59,1,No,Yes,Yes
F59_6,lighter,FF,15.47519691,17.615,F59,1,Yes,No,No
F59_7,clothing,FF,61.90367406,109.705,F59,1,No,Yes,No
F59_8,canvas,FF,14.02025655,15.578,F59,1,Yes,Yes,Yes
F59_9,airmap,FF,26.52485353,34.533,F59,1,Yes,No,No
F60_1,steel_wool,FF,29.96151325,45.633,F60,4,No,Yes,No
F60_10,whisky,FF,7.382131569,13.981,F60,4,No,Yes,No
F60_11,compass,FF,13.89978586,81.475,F60,4,Yes,No,Yes
F60_12,chocolate,FF,12.11861745,4.768,F60,4,Yes,Yes,Yes
F60_2,axe,FF,15.61309771,7.422,F60,4,Yes,Yes,Yes
F60_3,pistol,FF,17.54996655,25.964,F60,4,No,No,No
F60_4,butter,FF,29.84430915,37.58,F60,4,Yes,No,Yes
F60_5,newspaper,FF,9.535078163,11.043,F60,4,No,No,No
F60_6,lighter,FF,28.00566647,28.804,F60,4,No,Yes,No
F60_7,clothing,FF,5.996445271,6.326,F60,4,Yes,Yes,Yes
F60_8,canvas,FF,5.175772435,9.124,F60,4,Yes,Yes,Yes
F60_9,airmap,FF,39.8094181,46.82,F60,4,Yes,No,No
